State/UT,Year,January,February,March,April,May,June,July,August,September,October,November,December,Annual
Madhya Pradesh,2004,23.14,0.019512195,0,1.880952381,7.582222222,138.0955556,209.4622222,397.1133333,69.81777778,33.24,2.817777778,0,883.1693535
Telangana,2004,22.46666667,7.044444444,8.833333333,30.25555556,35.52222222,56.94444444,250.0444444,146.4111111,117.9111111,75.05555556,6.144444444,0,756.6333333
Daman and Diu,2004,0,0,0,0,0,393.2,827.2,1350.2,145.5,17.6,0,0,2733.7
Andaman and Nicobar Islands,2004,42.3,111.2,59.75,56.8,468.85,390.75,303.8,271.15,297.2,223.4,171,52.35,2448.55
Uttarakhand,2004,45.31428571,6.371428571,0,31.52222222,62.57,139.0363636,493.8666667,468.2083333,175.4583333,77.04545455,0.177777778,0.6625,1500.233366
Odisha,2004,5.85,11.71153846,7.642307692,66.90769231,37.71923077,196.4846154,324.4576923,341.0230769,149.9269231,154.6269231,0.823076923,0.011538462,1297.184615
Himachal Pradesh,2004,111.2636364,22.36363636,0.481818182,42.16363636,52.1,95.21818182,188.0909091,283.4090909,60.46363636,112.6727273,3.172727273,17.46363636,988.8636364
Goa,2004,0,0,0,0,62.3,664.2,752.8,624,197.8,85.8,6.3,0,2393.2
Punjab,2004,47.75,7.5125,0,7.65,32.2125,49.4875,69.9,153.8375,12.875,51.8375,0.7875,6.58125,440.43125
Maharashtra,2004,13.64545455,1.43030303,0.196969697,2.818181818,21.31818182,219.5242424,306.6848485,341.2363636,156.9090909,37.67272727,8.260606061,0,1109.69697
Lakshadweep,2004,7.2,1.5,1.9,7.6,874,251.3,280.9,169.4,200,193.3,107.5,2.2,2096.8
Karnataka,2004,1.681481481,1.407407407,5.844444444,53.77407407,185.0666667,221.5444444,216.762963,207.4296296,138.8407407,102.2703704,24.66666667,0.162962963,1159.451852
Puducherry,2004,29.8,0,0.5,0.1,370.2,19.3,30.1,120,323.7,505,399,41.8,1839.5
Kerala,2004,2.7,8.085714286,38.45,113.5428571,622.2142857,665.3142857,378.4,406.0857143,196.7928571,326.4928571,123.5785714,1.75,2883.407143
Meghalaya,2004,5.75,8.45,266.75,677.8,799.9,847.7,2725.9,718.65,576.7,1001.75,11.9,10.5,7651.75
Uttar Pradesh,2004,24.55178571,0.463793103,0,14.33333333,30.3557377,129.484127,191.7460317,200.6571429,103.8031746,45.93548387,1.286792453,0.03877551,742.6561779
Manipur,2004,5.2,0,20.2,380,152.4,190.8,168.8,171.6,142.9,93.9,10.9,2.1,1338.8
Delhi,2004,15.8,0.3,0,39.6,52.7,48,40.6,284.7,4.2,108.5,0,0,594.4
Arunachal Pradesh,2004,35.62727273,21.24545455,170.0916667,247.3363636,366.8181818,465.1583333,753.8083333,297.8666667,346.3166667,236.7727273,7.781818182,18.18181818,2967.005303
Assam,2004,17.70952381,19.15714286,68.41428571,354.315,392.5380952,374.4571429,621.1761905,264.6666667,275.3857143,224.9428571,2.757142857,6.19047619,2621.710238
Dadra and Nagar Haveli,2004,,,,,,,,,,,,,
Jharkhand,2004,5.827272727,2.722222222,2.55,51.83636364,47.96,238.2909091,240.8090909,266.6454545,186.5363636,123.0666667,0.016666667,1.1,1167.36101
Chandigarh,2004,103.9,3.4,0,11.3,58.6,89.2,96.1,718,20.3,140,0,2.4,1243.2
Nagaland,2004,10.975,6.766666667,10.45,126.875,121.7,195.8,404.2,182.025,186.15,161.075,9.975,0.45,1416.441667
Tripura,2004,1.7,2.566666667,4.5,427.5,241.9333333,557.1333333,520.3,221.5,491.6666667,160.4333333,0,0.066666667,2629.3
West Bengal,2004,9.42,2.693333333,17.25333333,67.73333333,125.8466667,290.9235294,421.1647059,324.1352941,299.8294118,215.0823529,1.911764706,1.405882353,1777.399608
Haryana,2004,36.37368421,0.563157895,0,23.48947368,42.43684211,63.13157895,26.35263158,276.6631579,30.60555556,56.84210526,1.368421053,1.310526316,559.1371345
Chhattisgarh,2004,25.42,7.742857143,7.221428571,15.57857143,23.87333333,221.9875,329.2875,319.05,113.41875,43.95625,0.45,0.3375,1108.32369
Gujarat,2004,0.06,0,0,0,8.744,134.3,237.936,501.328,49.776,21.368,0.012,0,953.524
Jammu and Kashmir,2004,136.54,54.8,7.31,106.99,64.81,73.5,136.22,99.19,36.28,68.15,22.44,29.15,835.38
Andhra Pradesh,2004,13.71538462,3.769230769,4.892307692,38.53076923,102.6846154,94.05384615,159.9692308,80.76153846,158.6692308,159.7615385,37.14615385,0.015384615,853.9692308
Sikkim,2004,18.7,55.6,105.7,454.7,440.8,410,443.6,379.3,326.7,116.7,16.7,10.5,2779
Tamil Nadu,2004,9.037931034,2.965517241,4.934482759,34.4,243.7,44.68965517,61.20344828,35.70344828,217.9034483,273.2068966,182.3724138,16.14827586,1126.265517
Bihar,2004,20.59090909,0.305263158,0.886956522,21.17083333,44.712,227.2827586,424.3689655,149.3137931,83.92758621,36.5125,0.7,0.505882353,1010.277448
Rajasthan,2004,2.471875,0.015625,0,1.26875,11.409375,41.103125,76.934375,306.896875,22.753125,33.95625,0.26875,1.059375,498.1375
Mizoram,2004,0,0,38.7,353.8,214.8,296.3,915.9,189.9,164.15,134.3,7.05,0.35,2315.25
Assam,2005,24.86190476,39.97619048,201.4,213.5571429,277.1333333,445.3285714,363.4333333,407.0142857,144.6761905,211.7190476,9.438095238,0.20952381,2338.747619
Odisha,2005,31.54615385,4.369230769,29.78461538,23.56153846,44.33846154,413.6576923,191.2692308,202.3076923,350.0653846,231.4653846,13.55,7.473076923,1543.388462
Maharashtra,2005,23.92121212,7.827272727,6.781818182,6.406060606,3.906060606,511.9272727,229.3181818,292.3575758,323.0333333,72.57575758,0,0.609090909,1478.663636
Madhya Pradesh,2005,19.5255814,5.169767442,12.96136364,3.802439024,4.395555556,493.2644444,107.0244444,199.2244444,177.9888889,8.044444444,0.835555556,1.242222222,1033.479151
Himachal Pradesh,2005,69.50909091,142.6090909,88.6,13.62727273,28.88181818,383.9818182,69.84545455,147.8,157.8,1.545454545,0.063636364,0.009090909,1104.272727
Rajasthan,2005,1.20625,7.375,9.415625,5.978125,8.221875,229.6,59.390625,66.58125,132.796875,0,0.20625,0,520.771875
Uttarakhand,2005,40.4,74.45555556,34.11111111,3.275,23.4875,536.6333333,107.2583333,287.325,411.575,13.88181818,1.666666667,2.157142857,1536.226461
Andaman and Nicobar Islands,2005,39.1,0,43.6,51.75,241.4,283.7,456.4,255.9,345.15,277.6,310,372.05,2676.65
Tripura,2005,0,42.16666667,227.0333333,149.5,435.5,414.6333333,192.4333333,378.5333333,292.7,189.0333333,0.766666667,1.166666667,2323.466667
Gujarat,2005,0,0,0,0.08,0.224,335.828,419.552,208.464,343.052,1.92,0,0,1309.12
Daman and Diu,2005,0,0,0,0,0,613.4,1014.8,476.3,652.2,12.3,0,0,2769
Punjab,2005,45.14666667,61.57333333,32.88,5.753333333,10.16666667,196.8,45.88125,86.2,121.3846154,0.286666667,0.2,0,606.2725321
Uttar Pradesh,2005,12.47857143,16.29107143,16.15438596,1.634615385,8.768421053,318.0333333,60.89206349,186.9806452,176.5,11.11129032,0.123728814,2.1,811.0681264
Lakshadweep,2005,17.6,11,0,37.1,92.7,381.9,248.8,102.4,277.9,164.2,218.1,27.3,1579
Telangana,2005,43.05555556,8.511111111,25.68888889,13.31111111,13.67777778,412.5,108.8777778,150.3222222,309.9777778,172.6666667,1.822222222,1.366666667,1261.777778
Karnataka,2005,7.437037037,2.759259259,5.144444444,82.04074074,71.73333333,382.0037037,215.0592593,234.7814815,180.1074074,200.2777778,40.22962963,4.981481481,1426.555556
Puducherry,2005,1,15.8,11.7,145.6,39.4,19.2,0.8,83.6,163.7,222.5,897.5,172.6,1773.4
Delhi,2005,6.6,42,31.4,5.8,11.6,175.9,65.7,89.1,233.1,0,0.5,0,661.7
Kerala,2005,20.67857143,6.45,26.7,203.1785714,135.5142857,789.1714286,627.7642857,273.6642857,393,249.0142857,202.9,62.17142857,2990.207143
Meghalaya,2005,14.3,7.166666667,233.9666667,268.0666667,277.8,871.3666667,584.8666667,921.4666667,188.9333333,436.4333333,8.433333333,5.033333333,3817.833333
Mizoram,2005,6.1,3.35,153.7,50.55,178.75,326.35,145,250.6,397.35,222,19.9,2.7,1756.35
Haryana,2005,17.93333333,38.08947368,38.44210526,3.689473684,8.536842105,216.8947368,59.27368421,65.60526316,169.8894737,0,0.761111111,0,619.1154971
Arunachal Pradesh,2005,43.4,137.3916667,235.3727273,197.0416667,204.7833333,557.5454545,327.6333333,440.7230769,302.1454545,152.8,23.17692308,2.346153846,2624.35979
Manipur,2005,0,17.6,99.1,51.2,56.2,132.3,112.5,182.8,213.8,185.4,19.1,33.9,1103.9
Sikkim,2005,24.4,76.7,134.3,238.6,407.9,630,548.2,442.6,354.5,120.1,11.8,1.5,2990.6
West Bengal,2005,27.14285714,10.80666667,85.47857143,74.79333333,100.4333333,417.6,227.0235294,325.4235294,197.9352941,335.7117647,2.4875,3.54,1808.37638
Tamil Nadu,2005,3.051724138,11.28275862,25.83448276,133.6206897,72.26896552,80.58,29.51333333,81.98666667,116.4133333,292.04,370.9366667,165.8566667,1383.385287
Chandigarh,2005,33.4,45.5,29.8,6.8,6.6,411.1,120.6,236.9,125.5,0,0,0,1016.2
Nagaland,2005,5,26.3,163.7,76.35,137.375,174.5,185.6,197.8666667,143.4333333,139.6333333,4.45,12.125,1266.333333
Andhra Pradesh,2005,3.946153846,7.215384615,9.038461538,25.95384615,57.43076923,149.2538462,79.11538462,111.1923077,275.4461538,334.5153846,93.6,31.42307692,1178.130769
Jammu and Kashmir,2005,115.9,257.39,133.18,49.15,59.42,202.24,20.21,96.4,58.94,12.94,17.24,0.31,1023.32
Chhattisgarh,2005,58.19285714,21.51428571,8.733333333,8.34,22.05625,371.79375,198.7375,264.76875,251.98125,79.5,0.2,0.16875,1285.986726
Bihar,2005,15.73333333,13.19333333,13.88,6.58,20.4875,269.7785714,78.86071429,331.676,106.716,32.75357143,3.6,0.829411765,894.0884356
Goa,2005,0,0.7,0,15,14.2,1317.9,952.9,472.3,662.7,75.8,0,0.2,3511.7
Dadra and Nagar Haveli,2005,,,,,,,,,,,,,
Jharkhand,2005,23.36666667,18.9,25.08571429,5.385714286,24.45714286,304.5,107.09,189.95,139.4625,39.47777778,0.942857143,15.33333333,893.9517063
Kerala,2006,9.721428571,0.671428571,74.53571429,70.90714286,515.4357143,574.3071429,550.6214286,388.2357143,473.9357143,379.7,218.9,2.414285714,3259.385714
Puducherry,2006,23.8,0,56.7,4.6,70.7,59.1,21.6,56.5,94.7,426.8,275.2,127.6,1217.3
Karnataka,2006,0.17037037,0,30.25185185,20.13703704,157.5222222,233.6074074,254.4703704,191.7777778,158.6148148,75.57407407,70.22222222,0.522222222,1192.87037
Telangana,2006,0,0,49.62222222,48.88888889,59,105.9444444,160.4111111,305.3333333,282.8555556,26.8,37.88888889,0,1076.744444
Delhi,2006,1.7,0,33.2,1.8,52.6,92.5,196.3,88.2,127.6,2.8,1.5,2.3,600.5
Lakshadweep,2006,23.1,0,44,0.3,411.3,286.5,172.6,150.7,318.2,119.2,158.7,10.8,1695.4
Uttar Pradesh,2006,0.156140351,0,16.15961538,8.085964912,29.87368421,105.2080645,290.7809524,122.0650794,69.24920635,11.3557377,0.870175439,1.187272727,654.9918933
Daman and Diu,2006,0,0,0,0,0,425.4,1023.7,474,119.35,32.1,0,0,2074.55
Gujarat,2006,0,0,0.828,0,0,116.728,565.208,468.172,119.276,7.236,1.228,0.056,1278.732
Punjab,2006,8.653333333,2.633333333,37.08,1.613333333,25.85333333,58.84615385,167.14,117.66,94.64,11.74285714,7.785714286,7.7,541.3480586
Andaman and Nicobar Islands,2006,28.15,31,91.6,219.55,350.4,359.2,170.95,190.25,489.05,389.6,100.55,84.95,2505.25
Tripura,2006,0,0,1.533333333,176.3333333,512.8333333,500.2,256,270.5,236.0333333,48.63333333,5.833333333,0.233333333,2008.133333
Uttarakhand,2006,13.24285714,1.071428571,64.96,16.38,171.3428571,119.8090909,386.9,332.5583333,108.3166667,9.275,0.9,25.6,1250.356234
Rajasthan,2006,0.184375,0.009375,9.259375,0.34375,12.03125,66.04375,165.371875,273.30625,75.40625,2.621875,0.0875,0.4625,605.128125
Madhya Pradesh,2006,0,0,44.22051282,6.113953488,20.9372093,72.12222222,342.9933333,419.3266667,163.7422222,6.508888889,5.311111111,0.231111111,1081.507231
Maharashtra,2006,0,0,28.07878788,9.333333333,43.51515152,206.2393939,425.5363636,458.5606061,225.7030303,68.61515152,8.166666667,0,1473.748485
Himachal Pradesh,2006,65.81818182,21.10909091,86.58181818,29.55454545,77.14545455,116.1909091,327.5909091,304.2545455,116,20.30909091,11.56363636,29.22727273,1205.345455
Odisha,2006,0.382142857,0,35.68928571,28.59642857,111.1392857,177.225,454.8214286,645.8857143,275.7428571,27.92857143,29.71785714,0,1787.128571
Assam,2006,0.780952381,48.81428571,14.0047619,165.7333333,241.4047619,414.4857143,331.2714286,205.252381,247.3952381,76.58571429,17.93809524,8.485714286,1772.152381
Dadra and Nagar Haveli,2006,,,,,,,,,,,,,
Jharkhand,2006,0.05,0,19.78333333,17.48,103.24,155.7,439,288.39,387.3307692,13.39090909,5.016666667,0,1429.381678
Bihar,2006,0,0,5.425,15.86,47.45,158.2347826,289.168,139.272,285.244,23.452,3.646153846,0.49,968.2419365
Chhattisgarh,2006,0,0,33.77142857,27.75714286,36.88666667,69.125,386.8,428.44375,148.775,13.73125,9,0.05625,1154.346488
Andhra Pradesh,2006,0.284615385,0,38.64615385,40.94615385,67.8,117.0461538,92.46923077,165.5846154,177.4846154,166.1846154,86.18461538,9.476923077,962.1076923
Jammu and Kashmir,2006,161.17,68.77,88.44,51.43,33.57,65.84,168.01,181.69,156.13,38.39,62.14,90.24,1165.82
Goa,2006,0,0,21.1,0.3,349.9,745.4,607.3,731.1,418.2,362.1,53.4,0,3288.8
Chandigarh,2006,23.1,0.6,111.7,0,49.7,66.5,227.7,211.4,36.7,8.8,7.4,8.4,752
Nagaland,2006,1.85,35.8,7.45,141.35,139.65,214.075,219.275,110.775,231.375,68.03333333,17.875,4.9,1192.408333
Tamil Nadu,2006,15.75666667,0.11,54.52333333,34.37666667,61.91,55.56,25.53,69.19,116.0933333,278.69,216.4033333,28.23,956.3733333
West Bengal,2006,0.013333333,1.506666667,7.593333333,59.68,154.8866667,247.1882353,471.7882353,279.3705882,397.6764706,80.09411765,9.33125,0.9375,1710.066397
Sikkim,2006,0.8,24.9,90.1,189.1,418.8,461.9,468.2,466.1,401.7,98.8,35.1,11.2,2666.7
Manipur,2006,0,18.7,2.15,125.05,329.75,220.5,199,74.25,152.35,8.65,22.55,6.85,1159.8
Arunachal Pradesh,2006,5.218181818,123.375,41.45454545,218.1454545,227.5230769,357.09,426.8307692,227.0666667,318.4307692,92.33333333,108.4769231,21.08461538,2167.029336
Haryana,2006,2.966666667,0.277777778,39.90526316,1.068421053,31.47894737,55.23333333,154.9631579,44.14210526,51.40526316,2.926315789,1.668421053,3.294736842,389.3304094
Meghalaya,2006,0.066666667,40.73333333,32.8,232.9,610.7666667,780.5,503.0666667,268.7666667,422.7333333,113.3333333,27.6,11.03333333,3044.3
Mizoram,2006,0,2.4,0.75,31.05,368.75,463.55,595.1,349.45,283.35,193.85,1.25,0,2289.5
Assam,2007,1.547619048,71.44761905,29.01363636,248.5727273,217.6045455,441.2590909,461.0761905,304.7409091,366.6238095,128.3380952,25.07619048,5.404761905,2300.705195
Odisha,2007,0.632142857,37.50357143,8.614285714,21.53571429,73.175,319.1035714,276.525,414.4571429,408.6857143,71.59642857,13.27857143,0,1645.107143
Himachal Pradesh,2007,0.072727273,134.7727273,168.5545455,15.91818182,37.21818182,114.7454545,218.0272727,320.6545455,80.24545455,11.58181818,0.345454545,19.86363636,1122
Maharashtra,2007,0,0.425806452,2.5375,3.665625,4.381818182,322,342.969697,333.9575758,255.6666667,12.55757576,8.754545455,0,1286.91681
Madhya Pradesh,2007,0.084444444,26.01555556,7.597777778,1.593333333,8.413333333,103.9244444,315.4888889,240.1133333,152.0422222,1.804444444,2.353333333,1.391111111,860.8222222
Rajasthan,2007,0.228125,18.53125,10.23125,1.434375,2.246875,57.55625,191.0375,133.49375,71.73125,0,0,0.7375,487.228125
Uttarakhand,2007,4.3,142.0285714,108.6571429,17.74285714,50.45,191.8272727,452.7909091,587.8272727,279.3777778,8.936363636,0,9.033333333,1852.971501
Andaman and Nicobar Islands,2007,10.75,3.5,30.2,53.95,386.1,367.2,325,401.3,411.9,237.25,257.25,78.95,2563.35
Tripura,2007,0,66.8,37.63333333,281.2666667,246.0666667,615.5333333,676.8,296.8,409.2666667,233.6,89.6,0,2953.366667
Gujarat,2007,0.012,0.452,0.016,0.16,0.016,110.168,461.336,415.344,191.392,0.008,2.556,0,1181.46
Daman and Diu,2007,1.5,1,0,0,0,343.9,756,782.9,302.6,0,2.3,0,2190.2
Punjab,2007,1.071428571,67.98,58.18,6.825,7.00625,76.7625,87.275,138.9125,41.09375,0.25625,2.1375,8.14375,495.6439286
Uttar Pradesh,2007,0.375925926,55.11403509,30.91929825,2.153571429,19.76666667,79.64918033,249.7266667,186.6466667,114.1918033,6.159322034,0,0.92,745.6231363
Lakshadweep,2007,9.8,4.7,0,16.9,147.3,555.6,298.3,267.2,346,213.6,52.1,126.4,2037.9
Telangana,2007,0,2.211111111,0.133333333,16.4,15.76666667,165.4888889,133.6333333,214.6444444,269.0777778,44.3,16.45555556,0.011111111,878.1222222
Karnataka,2007,0,0.218518519,1.455555556,24.50740741,63.19259259,316.5037037,289.6074074,290.7518519,268.2925926,129.2851852,23.08518519,8.940740741,1415.840741
Puducherry,2007,0.1,33.1,0,19.7,4.9,28.3,119.5,151.5,59,432.8,161.3,344.8,1355
Delhi,2007,1.5,69.5,55.1,1,45.3,137.7,156.9,189.7,61.6,0,0.7,0.1,719.1
Kerala,2007,0.35,6.971428571,7.842857143,143.6357143,209.7285714,728.7285714,952.9785714,492.1214286,533.8,357.25,101.2857143,10.8,3545.492857
Meghalaya,2007,0,67.63333333,17.16666667,281.6333333,286.5333333,1210.05,1971.3,537.7,925.5,362.95,105.35,0.15,5765.966667
Mizoram,2007,0,30.65,13.5,231.6,100.55,651.7,448.75,223.55,715.8,187.3,49.65,0,2653.05
Haryana,2007,1.95,96.69285714,55.96153846,2.084615385,18.69230769,89.25263158,74.5,101.6105263,53.25789474,0.063157895,0.252631579,2.131578947,496.4497397
Arunachal Pradesh,2007,15.57692308,73.23076923,50.84166667,262.2615385,218.5181818,452.2769231,605.9818182,250.2,432.225,121.3583333,19.53846154,9.353846154,2511.363462
Manipur,2007,1.1,150.2,10.8,98.35,262.05,171.6,220.95,173.7,239.05,169.2,66.05,0.1,1563.15
Sikkim,2007,2.1,176.5,67.4,211,281.4,455.4,656.3,377.2,476,98.9,23.4,5,2830.6
West Bengal,2007,1.35625,55.3625,31.5125,56.44375,121.3666667,319.2352941,612.1705882,341.3941176,428.5294118,61.81875,29.08,0.253846154,2058.523675
Tamil Nadu,2007,4.923333333,6.556666667,1.066666667,55.14,44.67,64.06666667,83.03,141.1733333,83.17333333,232.49,82.67333333,219.62,1018.583333
Chandigarh,2007,0,164.7,137.3,6,9.8,180.2,139.6,271.9,53,2.2,0,7.6,972.3
Nagaland,2007,0.35,36.225,28.225,128.55,177.075,263.525,300.4333333,302.575,246.8,190.15,62.5,16.15,1752.558333
Andhra Pradesh,2007,0,6.8,1.076923077,15.60769231,46.60769231,254.9,108.2769231,173.3307692,219.8230769,188.1384615,24.12307692,23.2,1061.884615
Jammu and Kashmir,2007,9.92,89.54,216.28,9.51,55.25,132.51,127.81,196.6,27.47,0.33,1.11,30.16,896.49
Bihar,2007,0,14.45,18.5375,7.666666667,35.1,126.9038462,499.4444444,350.4576923,324.9384615,38.10384615,0.2,0.155555556,1415.958013
Chhattisgarh,2007,0,26.96875,9.025,3.5375,13.0625,225.9125,279.8125,311.4625,244.25625,55.59375,5.96875,0,1175.6
Goa,2007,0,0,0,0,96.5,1016,761.9,1051.7,775.5,76.2,88.8,0.6,3867.2
Dadra and Nagar Haveli,2007,,,,,,,,,,,,,
Jharkhand,2007,0,69.72857143,15.88,15.13,45.4,116.1363636,504.74,345.1454545,313.6,37.7,5.95,0,1469.41039
Assam,2008,29.33809524,13.8,116.2761905,171.4238095,212,378.3761905,398.0095238,472.6,252.0952381,127.3619048,1.876190476,1.442857143,2174.6
Odisha,2008,33.91785714,17.38214286,21.41428571,37.91428571,47.26428571,336.7464286,321.0928571,381.2892857,374.4178571,29.39285714,4.439285714,0,1605.271429
Maharashtra,2008,0.6375,1.259375,27.73666667,3.821875,6.246875,208.7272727,273.5969697,305.1878788,272.9575758,33.97878788,3.551612903,1.338709677,1139.041099
Himachal Pradesh,2008,77.91,41.95,3.12,40.95,64.88,262.7909091,268.5272727,325.4636364,178.2181818,22.03636364,1.336363636,15.9,1303.082727
Madhya Pradesh,2008,0.851111111,1.686666667,4.753333333,3.842222222,4.037777778,228.5866667,232.0977778,223.9155556,130.1511111,14.90444444,5.630232558,0.033333333,850.4902326
Rajasthan,2008,0.1125,0.05,0.284375,5.86875,11.93125,120.496875,140.26875,160.81875,90.590625,1.48125,1.03125,1.35,534.284375
Uttarakhand,2008,15.66666667,11.43333333,5.7,38.32,43.125,240.75,424.9166667,394.8636364,181.9,34.26666667,8.0125,2.6625,1401.61697
Andaman and Nicobar Islands,2008,22.5,40.85,139.8,215.3,418.7,393.1,404.95,400.75,248.1,247.7,353.6,104.35,2989.7
Tripura,2008,29.83333333,15.63333333,46.9,38.33333333,227.1,313.8333333,371.6,355.1666667,189.8333333,272.6,0,0.033333333,1860.866667
Gujarat,2008,0.024,0.072,0.004,1.608,0,70.82,274.708,329.748,256.552,12.216,0.204,2.4,948.356
Daman and Diu,2008,0,0.1,0,0,0,108.7,597.2,593.25,315.65,1.25,0,0,1616.15
Punjab,2008,14.55333333,6.72,0,28.14,42.82666667,203.88,97.1875,256.11875,57.5375,10.0625,0.10625,1.44375,718.57625
Uttar Pradesh,2008,1.54,1.825,0.002941176,6.183333333,27.65641026,245.0035088,352.0095238,259.6709677,99.06666667,11.20655738,2.975,0,1007.139909
Lakshadweep,2008,5.5,19.9,120.4,15.7,180.4,254.5,364,206.5,108.9,253,67.5,130.1,1726.4
Telangana,2008,0.022222222,28.8,117.8111111,17.94444444,9.811111111,119.7111111,169.5111111,372.8222222,156.6555556,31.83333333,13.74444444,0.411111111,1039.077778
Karnataka,2008,0.025925926,13.05555556,133.8703704,24.47777778,57.12962963,205.4925926,199.7666667,272.337037,167.0925926,106.9407407,28.01111111,2.37037037,1210.57037
Puducherry,2008,51,21.5,225.3,21.6,18.6,49,8.3,60.3,38.8,332.3,704.5,128.5,1659.7
Delhi,2008,1.9,1.9,0,23.6,146.2,120,159.1,245.4,109.2,0,0,0,807.3
Kerala,2008,0.571428571,30.97142857,223.7428571,114.3142857,82.9,474.0785714,512.6857143,333.8,343.5571429,354.8785714,64.19285714,19.48571429,2555.178571
Meghalaya,2008,35.65,13.8,190.4,231,299.15,931.4,1414.7,1261.15,375.65,267.55,1.35,2.15,5023.95
Mizoram,2008,37.7,4.7,9.2,27.75,70.2,246.3,258.8,426.4,357.65,164.8,24.6,0,1628.1
Haryana,2008,2.957142857,1.985714286,0.008333333,14.6,63.74615385,148.5052632,127.3052632,162.0052632,114.3157895,2.115789474,4.521052632,0.057894737,642.1236601
Arunachal Pradesh,2008,75.4,31.98461538,114.9727273,126.9615385,201.1923077,519.3363636,552.1636364,572.9384615,220.8230769,119.6545455,8.263636364,8.630769231,2552.321678
Manipur,2008,16.65,18.35,53.95,22.8,99.7,222.95,135.1,264.95,182.6,57.5,0.45,7,1082
Sikkim,2008,26.5,20.2,136.2,291.1,177.4,611.5,529,541.5,348.9,79.1,21,17.1,2799.5
West Bengal,2008,39.88,10.3,19.3375,52.8,108.74375,426.7176471,444.7470588,374.8764706,254.9470588,76.9875,2.50625,0.2375,1812.080735
Tamil Nadu,2008,15.84,33.67333333,182.7333333,30.2,50.50333333,48.89,77.29,132.0166667,70.31,251.4266667,305.2833333,53.77,1251.936667
Chandigarh,2008,13.1,2.2,0,33.2,49.8,376.2,182.6,291,263.2,11.2,2,0,1224.5
Nagaland,2008,38.43333333,6.4,57.525,22.55,151,300.3,238.0666667,220.3333333,173.45,118.1,0.133333333,3.625,1329.916667
Andhra Pradesh,2008,7.676923077,49.15384615,84.26923077,8.723076923,36.88461538,75.26923077,154.5461538,205.5615385,138.9615385,89.69230769,136.2230769,2.861538462,989.8230769
Jammu and Kashmir,2008,105.13,90.76,7.92,77.43,48.97,123.8,158.38,162.6,36.89,35.21,25.96,70.73,943.78
Chhattisgarh,2008,3.8,8.4,17.9,6.9125,4.26875,235.925,287.1375,310.5625,198.59375,10.99375,0.39375,0,1084.8875
Bihar,2008,32.72222222,4.744444444,1.785714286,16.5,64.93,268.04,434.5230769,304.892,141.226087,34.5826087,0,0.155555556,1304.101709
Goa,2008,0,0,75.2,10.3,26.4,886.4,703.3,1048,664.1,9.5,2,5.6,3430.8
Dadra and Nagar Haveli,2008,,,,,,,,,,,,,
Jharkhand,2008,13.11666667,4.257142857,18.61428571,19.68333333,33.86666667,311.26,417.575,276.75,184.3333333,17.7,2.46,0,1299.616429
Kerala,2009,3.028571429,1.535714286,61.34285714,71.3,192.85,444.4142857,901.8,261.45,314.5571429,203.9,281.3357143,44.8,2782.314286
Puducherry,2009,33.7,0,105.4,49.9,36.5,5.5,37.1,87,50.7,76.2,712.4,389.5,1583.9
Karnataka,2009,0.018518519,0,20.94814815,21.66296296,85.81111111,143.462963,410.3962963,202.5962963,280.5,163.0037037,73.26296296,28.11111111,1429.774074
Telangana,2009,1.722222222,0,3.533333333,8.777777778,26.4,68.14444444,114.5,192.6333333,153.8777778,84.15555556,30.85555556,1.811111111,686.4111111
Delhi,2009,4,5.5,8.4,4.5,31.4,16.6,119,156.3,192.9,2,17.5,1.9,560
Lakshadweep,2009,4.7,1.4,0.1,18.2,162,401.6,266.4,185,144.9,89.2,166.4,132.6,1572.5
Uttar Pradesh,2009,1.338461538,2.684210526,1.976,4.244827586,29.34054054,24.30634921,152.2984127,197.7047619,128.5301587,72.29047619,9.211111111,3.685714286,627.6110243
Daman and Diu,2009,0,0,0,0,0,124.3,763.5,6.3,5.5,3,5,0,907.6
Gujarat,2009,0,0,0.012,0,0,44.564,472.864,124.628,53.552,26.132,8.716,0.028,730.496
Punjab,2009,10.24375,19.25625,12.26875,21.9125,5.075,11.83125,174.11875,91.5,73.9,3.08125,5.50625,0,428.69375
Andaman and Nicobar Islands,2009,33.95,13.95,55.2,146.5,369.8,448.6,249.1,308.35,293,221.1,94.8,103.25,2337.6
Tripura,2009,0,4.166666667,12.8,136.3666667,391.8333333,290.1333333,476.9666667,372.8,219.0333333,174.3,20.93333333,0,2099.333333
Uttarakhand,2009,3.86,23.35,2.025,20.52,33.8,64.225,294.5,318.6083333,187.6666667,107.7083333,6.691666667,1.708333333,1064.663333
Rajasthan,2009,0.646875,0.803125,2.34375,0.471875,2.35,31.121875,171.40625,104.259375,42.74375,12.6375,8.578125,0.590625,377.953125
Madhya Pradesh,2009,9.453333333,0.102222222,1.08,1.691111111,5.297777778,43.51555556,318.3133333,171.2266667,147.3333333,63.56888889,61.65111111,12.42888889,835.6622222
Maharashtra,2009,0.029032258,0,3.841935484,1.077419355,12.40645161,104.8454545,434.8636364,184.9969697,171.8818182,100.0818182,90.72121212,5.25,1109.995748
Odisha,2009,0.007142857,0,3.157142857,3.453571429,80.44642857,90.08928571,619.1071429,300.1107143,170.9392857,116.7535714,34.3,0.267857143,1418.632143
Himachal Pradesh,2009,34.325,35.68333333,32.125,42.7,43.25,40.775,224.2083333,190.5666667,213.1666667,12.86666667,36.78333333,7.266666667,913.7166667
Assam,2009,4.180952381,10.01428571,45.31428571,139.6095238,202.7619048,295.4904762,353.5190476,423.6714286,173.8380952,123.152381,12.42857143,3.331818182,1787.312771
Dadra and Nagar Haveli,2009,0,0,0,0,0,130.6,1448.1,251.4,174.5,92.9,0,0,2097.5
Jharkhand,2009,9.96,0,9.92,0.82,73.825,87.61,210.8642857,239.3785714,244.9357143,107.9692308,10.57,1.55,997.4028022
Chhattisgarh,2009,0.825,0,0,1.10625,5.275,37.9625,454.65,241.79375,79.625,22.775,33.21875,0.05625,877.2875
Bihar,2009,1.155555556,1.1,2.71,1.8,162.6666667,62.3125,221.240625,309.903125,126.428125,79.28387097,3.776923077,1.341176471,973.7185677
Andhra Pradesh,2009,0.307692308,0,4.730769231,3.738461538,52.06923077,60.63076923,86.87692308,143.1846154,153.8230769,80.23846154,136.9923077,17.51538462,740.1076923
Jammu and Kashmir,2009,97.54,92.93,46.73,83.45,49.46,51.08,118.84,87.87,37.52,6.6,36.82,13.92,722.76
Goa,2009,0,0,0,0.5,4,649.2,1381.8,347.5,436.1,354.7,155.2,0,3329
Chandigarh,2009,7,19,19.6,11.6,31.2,37.8,202.2,192.9,326,11.2,14.7,0.7,873.9
Nagaland,2009,0.466666667,6.1,22.225,52.95,118.25,145,203.4666667,282.7333333,141.95,106.025,10.675,0,1089.841667
Tamil Nadu,2009,9.05,0.006666667,33.40666667,38.03666667,62.52333333,35.30666667,60.05666667,97.94,119.4733333,63.12666667,338.4233333,125.13,982.48
West Bengal,2009,2.01875,1.3375,19.46875,31.51875,234.5,146.8764706,333.1235294,405.9705882,244.2470588,146.6352941,8.175,0.30625,1574.177941
Sikkim,2009,5.7,4.2,87.3,251.7,335.4,355.4,408.6,454.1,180.1,201.6,1.7,5.4,2291.2
Manipur,2009,0,22.5,55.35,47.8,108.25,106.5,187.85,203.4,182.9,91.75,10.1,0,1016.4
Arunachal Pradesh,2009,27.71666667,59.575,63.22727273,166.5666667,192.375,387.775,499.65,449.7818182,217.5272727,116.9909091,37.28333333,8.116666667,2226.585606
Haryana,2009,3.2,6.982352941,5.035294118,13.81111111,7.716666667,14.93157895,85.70526316,60.18421053,170.6842105,1.352631579,1.535294118,0.123529412,371.2621431
Mizoram,2009,0,0.15,20.7,102.4,201.4,207.5,300.3,331.6,249,231.9,12,0,1656.95
Meghalaya,2009,0,22.5,48.75,176.45,499.8,614.8,1084.65,1276.25,228,270.4,1.1,0.35,4223.05
Puducherry,2010,46.7,0,0,0.8,95.7,212.3,26,225.95,203.55,165.7,498.55,280.65,1755.9
Karnataka,2010,9.311111111,1.522222222,4.537931034,57.98965517,112.9965517,193.5275862,314.9655172,262.6758621,175.7793103,140.0517241,163.6137931,4.851724138,1441.822989
Lakshadweep,2010,18.8,0,1.2,35.7,79.1,320.2,338.4,333.4,162.9,152.8,201.4,81.5,1725.4
Telangana,2010,10.12222222,9.044444444,0.8,9.355555556,31.71111111,111.6555556,390.0111111,290.5111111,246.2444444,101.8888889,40.47777778,12.27777778,1254.1
Delhi,2010,4.5,18.8,0,0.2,2.3,4.2,173.1,464.4,359.7,8.9,16.2,3.7,1056
Gujarat,2010,0.08,0,0,0,0.038461538,74.92692308,384.6230769,404.5807692,234.1076923,11.27692308,48.6,0.142307692,1158.376154
Uttar Pradesh,2010,2.7765625,12.403125,0.133802817,0.167605634,13.16478873,21.95774648,240.5788732,234.3352113,219.6690141,12.31267606,8.990140845,1.414084507,767.9036312
Punjab,2010,3.2,12.0125,0.410526316,0.26,3.755,37.275,222.755,112.89,104.1,6.59,0.345,19.145,522.7380263
Daman and Diu,2010,0,0,0,0,0,62.65,702.6,582.3,290.3,22.8,0,0,1660.65
Andaman and Nicobar Islands,2010,91.65,13,0.566666667,14.96666667,297.7333333,444.7666667,509.7,513.3,257,390.1,325.5333333,270.8333333,3129.15
Tripura,2010,0,13.1,95.46666667,214.9666667,445.6333333,487.4,217.1,232.575,232.275,257.325,2.55,35,2233.391667
Uttarakhand,2010,8.809090909,48.98333333,3.153846154,9.530769231,59.28461538,101.4923077,568.2307692,519.4230769,523.6846154,11.83846154,4.753846154,19.97692308,1879.161655
Madhya Pradesh,2010,1.813333333,6.664444444,0.666,0.152,1.64,55.384,297.112,282.138,168.374,13.712,33.048,1.798,862.5017778
Maharashtra,2010,8.487878788,6.1,7.051428571,2.270588235,2.690909091,253.14,539.9742857,400.5342857,231.8057143,78.20857143,58.02857143,1.26,1589.552233
Himachal Pradesh,2010,15.625,73.89166667,24.05,32.88333333,65.56666667,128.4833333,309.8,339.4833333,239.7666667,24.40833333,10,58.075,1322.033333
Rajasthan,2010,1.6625,1.55625,0.196969697,0.260606061,0.672727273,30.79090909,180.6606061,244.9484848,135.0333333,0.318181818,58.20606061,2.718181818,657.0248106
Odisha,2010,8.216666667,2.303333333,6.266666667,8.156666667,95.8,158.6733333,299.23,286.5466667,227.9366667,158.5133333,38.82666667,40.38,1330.85
Jharkhand,2010,1.081818182,5.8625,2.82,9.52,44.49,84.99411765,199.1391304,199.808,181.256,81.484,13.88235294,30.32307692,854.6609961
Dadra and Nagar Haveli,2010,0,0,0,0,0,265.4,931.2,801.7,556.8,64.8,0,0,2619.9
Assam,2010,0.26,3.916666667,98.80434783,397.8304348,343.8708333,504.7291667,362.8291667,318.4166667,323.2166667,77.98333333,10.10416667,6.624,2448.585449
Andhra Pradesh,2010,13.92307692,2.338461538,3.107692308,17.53076923,143.6461538,129.4,246.8384615,217.9923077,175.1615385,173.8461538,211.1538462,97.84615385,1432.784615
Jammu and Kashmir,2010,25.46363636,120.2454545,41.94705882,85.27894737,158.0842105,84.65238095,183.4619048,215.1238095,81.55238095,33.13809524,11.31428571,48.88571429,1089.147879
Bihar,2010,0.204,1.666666667,0.19047619,3.116666667,84.15,116.6756757,271.3605263,212.1842105,171.1552632,53.51052632,2.086206897,0.275862069,916.5760805
Chhattisgarh,2010,4.6625,2.38125,1.711111111,4.111111111,4.772222222,87.35555556,406.3777778,311.8555556,246.8222222,55.53888889,11.41666667,23.91111111,1160.915972
Goa,2010,10.4,0,0,7.45,57.15,796.25,1346.3,815.1,515.1,311.95,193.2,13.35,4066.25
Tamil Nadu,2010,13.56666667,0.116666667,2.090322581,22.08064516,106.2193548,77.76774194,87.69677419,115.9580645,119.3290323,160.4225806,328.1258065,143.2580645,1176.63172
Nagaland,2010,0.966666667,6.9,14.18,42.05,104.2,229.3666667,352.6,402.4,232.6,119.95,19.95,7.066666667,1532.23
Chandigarh,2010,8.8,16,0,3.7,8.2,166.2,373.4,242.2,340.1,13.6,0.7,41.1,1214
West Bengal,2010,1.794444444,9.755555556,9.75,53.44,164.09,312.715,305.965,303.21,258.12,103.175,7.815,20.56,1550.39
Manipur,2010,3.9,7,49.2,248.4,222.2,260.2,300.9,93,125.45,194.2,16.1,47.3,1567.85
Arunachal Pradesh,2010,1.016666667,10.9,164.7153846,326.2333333,321.9833333,435.5769231,453.2454545,354.0090909,460.1181818,85.64545455,60.87692308,6.45,2680.770746
Sikkim,2010,5.7,18,186.7,359.4,374.1666667,556.7333333,554.7333333,564,344.6666667,103,82.4,7.5,3157
Meghalaya,2010,0,0.25,198.6666667,767.5,496.6,891.6666667,675.875,575.975,426.3,251.475,12.25,6.725,4303.283333
Haryana,2010,3.868421053,9.752631579,0.338888889,0.152380952,2.457142857,18.91904762,192.7190476,197.7666667,199.0095238,1.738095238,3.161904762,10.30952381,640.1932749
Mizoram,2010,0.1,15.8,135,197.7,308,383.5,282.6,493.8,405.7,246.3,15.2,24.6,2508.3
Kerala,2010,20.82142857,1.335714286,35.92142857,140.7928571,200.1785714,660.9357143,628.7285714,352.6142857,274.3571429,443.2,340.8285714,54.08571429,3153.8
Assam,2011,10.57916667,9.8625,92.49166667,73.76086957,241.5625,269.4416667,409.5166667,290.6625,202.5916667,32.22083333,10.54166667,2.2,1645.431703
Odisha,2011,0.2,20.31,4.41,55.95333333,82.72333333,220.3866667,205.65,333.3866667,337.0166667,22.95,0.026666667,0.63,1283.643333
Maharashtra,2011,0,4.328571429,0.985714286,14.37714286,11.16857143,233.8914286,452.36,385.8085714,196.8028571,41.52285714,1.46,0.048571429,1342.754286
Madhya Pradesh,2011,0.078,1.7,0.6,3.794,4.558,256.482,297.298,333.194,211.174,0.678,0,0,1109.556
Himachal Pradesh,2011,32.50833333,97.13333333,54.19166667,52.825,50.53333333,174.275,207.6416667,360.4166667,120.9083333,7.541666667,0.45,10.94166667,1169.366667
Rajasthan,2011,0.006060606,11.96363636,0.733333333,1.439393939,7.333333333,117.6575758,173.4333333,278.7121212,158.6424242,0.018181818,0,0,749.9393939
Uttarakhand,2011,25.60909091,67.54545455,17.55454545,27.86363636,86.23636364,280.0181818,482.7090909,585.0272727,183.3,7.318181818,1.463636364,2.163636364,1766.809091
Andaman and Nicobar Islands,2011,237.3333333,93.43333333,302.3333333,94.56666667,289.6,408.2666667,541.0333333,462,704.8666667,187.2666667,138.9,260.6,3720.2
Tripura,2011,4.25,6.35,45.05,58.325,407.275,398.625,287.075,300.4,209.4,45.2,0.075,0.025,1762.05
Gujarat,2011,0,0.280769231,0,0.015384615,0.046153846,30.76538462,303.4384615,420.0923077,167.7,4.053846154,0.011538462,0,926.4038462
Daman and Diu,2011,0,0,0,0,0,65.3,499.9,517.35,269.1,0.2,0,0,1351.85
Punjab,2011,4.33,33.355,7.3,12.46,18.66,101.67,92.235,171.515,111.755,0.67,0.09,3.805,557.845
Uttar Pradesh,2011,1.06056338,11.34084507,4.504225352,3.956338028,28.38028169,167.0746479,217.0084507,239.5225352,138.2014085,0.435211268,0,0,811.484507
Lakshadweep,2011,5.1,2.8,3.2,86,107.2,153.6,350.5,254.9,255,117.4,180.8,14.9,1531.4
Telangana,2011,0.011111111,7.955555556,3.977777778,28.23333333,16.73333333,75.85555556,269.7555556,238.6777778,86.72222222,18.61111111,2.777777778,0,749.3111111
Karnataka,2011,0.106666667,6.843333333,4.68,74.00333333,73.65666667,229.28,269.1733333,254.3433333,135.86,132.3866667,42.89666667,1.613333333,1224.843333
Puducherry,2011,27.15,15.75,0,93.5,12.85,26.15,62,148.65,171.05,366.9,400.9,236.6,1561.5
Delhi,2011,0.2,45.3,3.4,7,23,123.8,43,213,145,0,0,0,603.7
Kerala,2011,21.02142857,45.83571429,26.30714286,165.0571429,131.5,772.8071429,536.2071429,478.4285714,391.15,217.3142857,165.15,58.76428571,3009.542857
Meghalaya,2011,1.925,19.9,292.85,98.675,303.5,702.275,520.375,589.68,335.76,63.48,33.08,3.45,2964.95
Mizoram,2011,12,2.2,68.4,95.8,456.1,331.7,270.3,379.1,330,107.5,0,0,2053.1
Haryana,2011,0.742857143,18.92380952,4.571428571,4.871428571,22.6,80.86666667,89.6047619,115.4142857,111.5904762,0,0,0.276190476,449.4619048
Arunachal Pradesh,2011,38.4,34.58333333,149.6181818,126.0230769,187.1166667,349.5916667,560.0333333,247.7416667,265.2272727,50.47272727,17.52727273,12.41538462,2038.750583
Manipur,2011,6.275,2.3,45.5,35.6,299.2,332.5,287.1,302.9,126.4,27.4,0,25,1490.175
Sikkim,2011,28.4,61.76666667,75.96666667,148.7666667,220.1333333,434.5,389.6,425.625,285.175,88.875,59.1,8.275,2226.183333
West Bengal,2011,2.065,5.245,37.56,98.305,149.15,405.13,332.63,436.33,310.52,24.03,2.42,0.515,1803.9
Tamil Nadu,2011,9.5,26.90625,7.66875,93.03125,36.359375,41.109375,63.240625,119.646875,92.9125,221.70625,269.20625,67.121875,1048.409375
Chandigarh,2011,4.5,17.3,11.2,2.3,52.7,210.2,201.6,180.7,169.4,0,0,10.9,860.8
Nagaland,2011,5.475,1.3,46.6,30.63333333,204.8666667,261.8333333,192.2666667,164.3,145.2666667,36.26666667,0,0,1088.808333
Andhra Pradesh,2011,1.015384615,15.94615385,0.561538462,45.20769231,53.92307692,73.19230769,159.9461538,201.4153846,90.58461538,90.34615385,55.76153846,15.3,803.2
Jammu and Kashmir,2011,36.86,172.85,110.845,114.525,38.12,102.615,115.79,160.885,97.04,20.705,12.6,28.535,1011.37
Bihar,2011,2.525925926,4.913888889,9.205405405,27.80857143,96.28055556,237.2263158,248.4078947,282.1236842,266.0894737,8.8,3.291666667,0.110810811,1186.784193
Chhattisgarh,2011,0.211764706,15.90588235,2.252941176,41.78823529,15.91764706,188.7941176,265.8705882,383.2764706,384.4705882,9.441176471,0.005882353,5.517647059,1313.452941
Goa,2011,0,0,0,24.3,4.3,1095.7,1230.85,863.05,490.75,77.1,30.3,0,3816.35
Jharkhand,2011,5.44,1.33,10.34545455,20.97272727,42.66666667,341.735,171.6652174,376.7,275.5380952,26.18823529,0,0.118181818,1272.699578
Dadra and Nagar Haveli,2011,0,0,0,0,0,131.1,1131.1,1126.9,328,4.7,0,0,2721.8
Assam,2012,8.940740741,7.1875,21.67692308,250.1192308,187.762963,679.937037,403.4296296,254.162963,345.0555556,147.9111111,9.7,3.859259259,2319.742913
Odisha,2012,54.57,5.19,0.53,50.82333333,22.76,160.83,319.54,396.2666667,236.06,72.23333333,79.04333333,3.423333333,1401.27
Maharashtra,2012,3.657142857,0.34,0,5.260606061,4.721212121,156.1114286,344.7028571,285.2542857,228.7542857,81.30857143,4.781818182,0.003030303,1114.895238
Madhya Pradesh,2012,23.684,0.65,0.466,1.43,3.186,45.466,397.46,372.206,178.378,5.184,3.742,1.874,1033.726
Himachal Pradesh,2012,114.0916667,56.45,34.425,62.175,8.2,27.225,251.9833333,363.3666667,173.4666667,3.016666667,6.241666667,30.68333333,1131.325
Rajasthan,2012,1.851515152,0.006060606,0,5.587878788,11.20606061,11.61515152,144.6545455,310.7575758,116.9151515,0.954545455,0.015151515,0.448484848,604.0121212
Uttarakhand,2012,48.59090909,9.845454545,26.3,42.73636364,9.481818182,51.4,394.4454545,458.7636364,249.5454545,7.454545455,4.145454545,18.25454545,1320.963636
Andaman and Nicobar Islands,2012,152.9333333,47.13333333,39.9,66.46666667,527.7333333,412.9333333,324.3666667,353.4333333,833.5,194.2,274.2666667,198.4666667,3425.333333
Tripura,2012,11.3,6.7,15.125,218.825,173.725,519.625,239.65,291.35,185.625,166.4,46.05,0.4,1874.775
Gujarat,2012,0.115384615,0,0,0.073076923,0.026923077,36.8,146.2538462,177.9961538,244.4692308,6.142307692,0,0.115384615,611.9923077
Daman and Diu,2012,0,0,,0,0,37.05,207.8,119.5,349.1,7.7,0,0,721.15
Punjab,2012,36.225,2.95,1.63,19.755,0.835,9.37,68.425,101.425,89.025,2.78,0.415,8.17,341.005
Uttar Pradesh,2012,26.55915493,6.247887324,4.253521127,5.453521127,0.438028169,17.52957746,260.8140845,228.6901408,166.0140845,1.201408451,0.164788732,1.485915493,718.8521127
Lakshadweep,2012,19.2,0.1,1.7,76.8,21,327,231.6,408.8,179.7,146.1,12.5,8.7,1433.2
Telangana,2012,5.584210526,0,0.221052632,17.27368421,12.96315789,126.4947368,264.4578947,214.7578947,173.1210526,84.6,55.68947368,0,955.1631579
Karnataka,2012,0.143333333,0.19,0.876666667,80.53333333,38.55,139.57,180.4566667,260.6533333,119.4333333,82.51666667,78.3,4.493333333,985.7166667
Puducherry,2012,21.35,2.2,7.9,10.3,9.65,42.35,68,58.45,151.5,640.1,67.85,63.5,1143.15
Delhi,2012,10,1,120,7,9,10,67,158,36,7,0,4,429
Kerala,2012,9.35,10.63571429,31.57857143,194.4071429,86.00714286,439.45,350.9857143,504.7571429,240.7642857,185.7571429,115.5714286,10.14285714,2179.407143
Meghalaya,2012,9.2,2.72,10.7,133.9,111.6571429,756.3571429,835.4714286,388.4714286,469.2833333,247.6666667,11.98333333,0.383333333,2977.79381
Mizoram,2012,9.35,403,66.65,215.7,259.15,531.2,219.8,420.5,330.4,161.1,92,0,2708.85
Haryana,2012,4.985714286,0.095238095,0.152380952,12.14761905,3.085714286,3.9,66.57142857,171.947619,63.11428571,3.185714286,0.571428571,3.885714286,333.6428571
Arunachal Pradesh,2012,35.47142857,25.71538462,79.58333333,306.0818182,191.9071429,558.0846154,621.7769231,330.7384615,600.3076923,196.3666667,15.98333333,25.08333333,2987.100133
Manipur,2012,3.266666667,0,36.4,165.85,74.13333333,205.46,157.06,154.1166667,200.7,88.8,80.36,0.2,1166.346667
Sikkim,2012,56.65,26.375,116.5,292.2,180.25,574.7,512.275,398.65,632.425,189.55,0.025,11.5,2991.1
West Bengal,2012,31.55,9.265,3.105,69.8,93.68,284.015,396.715,256.275,301.855,86.405,31.205,14.79473684,1578.664737
Tamil Nadu,2012,7.903125,1.678125,4.28125,37.765625,41.696875,23.79375,57.315625,88.203125,82.76875,268.2,77.56875,34.21875,725.39375
Chandigarh,2012,35.7,7.9,2.9,57.2,3,4.1,268.5,283,203.4,3.3,0.2,9.8,879
Nagaland,2012,8.86,2.76,22.02,104.12,68.06,249.42,288.94,262.98,135.16,81.36,19.68,0,1243.36
Andhra Pradesh,2012,23.46153846,0.669230769,2.146153846,29.47692308,38.29230769,71.79230769,182.3,178.0230769,172.1230769,142.3846154,198.9846154,28.56923077,1068.223077
Jammu and Kashmir,2012,110.865,103.915,48.03,100.265,50.105,33.275,108.485,216.36,131.455,12.41,11.135,58.695,984.995
Bihar,2012,14.41388889,1.651515152,6.225,22.38947368,17.93611111,91.0027027,282.0210526,196.0526316,223.4578947,44.53684211,4.12962963,0,903.8167422
Chhattisgarh,2012,53.01764706,2.105882353,0.541176471,17.27058824,5.570588235,138.5764706,395.6588235,421.5058824,246.4823529,29.85882353,28.75294118,4.747058824,1344.088235
Goa,2012,0,0,0,4.4,0.3,1054.05,803.45,790,283.3,111.9,15.1,0,3062.5
Jharkhand,2012,27.59333333,10.45,1.893333333,14.30714286,22.92666667,130.3545455,308.3409091,274.673913,204.5,44.6826087,46.93,9.282352941,1095.934805
Dadra and Nagar Haveli,2012,0,0,,0,0,50.4,551.5,392.2,552.5,58.2,0,,1604.8
Puducherry,2013,5.1,8.05,13.05,0.55,1,83.15,39.1,263.7,131.75,89.1,231.6,202.45,1068.6
Karnataka,2013,1.136666667,9.343333333,9.32,32.21,80.19333333,240.1133333,362.71,174.74,215.6933333,120.7533333,22.16666667,2.143333333,1270.523333
Lakshadweep,2013,26.2,34.4,37.5,5.3,88.3,426.2,296.4,154.4,180,72.8,78.1,26.7,1426.3
Telangana,2013,3.452631579,27.76315789,0.147368421,31.97894737,12.46842105,188.6368421,384.4315789,196.3263158,165.2105263,219.0526316,17.93684211,0.968421053,1248.373684
Delhi,2013,23.93333333,75.73333333,5.488888889,6.022222222,0.744444444,74.86666667,219.3888889,194.7222222,58.25555556,47.07777778,0.5,2.255555556,708.9888889
Gujarat,2013,0.207692308,0.634615385,0.065384615,6.738461538,0.088461538,201.2653846,415.1653846,214.8692308,326.6884615,54.62692308,0.165384615,0,1220.515385
Uttar Pradesh,2013,11.81714286,60.61285714,2.622857143,5.637142857,1.437142857,251.91,212.8671429,253.5614286,64.59,83.03,0.865714286,4.288571429,953.24
Daman and Diu,2013,0,0,0,0,0,337.15,653.4,278.3,264,88.7,0,0,1621.55
Andaman and Nicobar Islands,2013,87.06666667,48,50.63333333,44.23333333,476.3,755.7,538.4,319,454.2,428.7333333,326.6,103.0666667,3631.933333
Punjab,2013,9.252631579,49.28421053,12.95263158,3.978947368,3.726315789,136.2263158,115.3157895,220.8052632,27.16842105,16.76315789,5.910526316,6.568421053,607.9526316
Tripura,2013,0.25,4.9,8.15,83.775,707.7,249.45,238.525,353.825,244.7,147.075,0,4.45,2042.8
Uttarakhand,2013,72.35454545,178.7363636,18.25454545,20.09090909,14.93636364,532.8454545,427.4909091,361.7636364,110.3727273,33.28181818,3.463636364,4.781818182,1778.372727
Madhya Pradesh,2013,1.62,39.498,10.368,6.358,0.392,273.65,458.678,440.824,92.608,93.166,0.348,2.044,1419.554
Maharashtra,2013,2.996774194,9.258823529,2.347058824,4.688235294,5.735294118,379.7823529,555.4676471,256.5352941,189.7970588,101.8294118,2.896969697,3.75,1515.08492
Himachal Pradesh,2013,76.74166667,171.875,69.44166667,21.675,26.84166667,284.4583333,274.4,284.125,77.29166667,26.73333333,15.80833333,27.05833333,1356.45
Rajasthan,2013,4.58125,21.7375,1.1875,3.39375,1.065625,78.434375,275.3875,249.925,84.95,29.965625,1.240625,0.34375,752.2125
Odisha,2013,2.993333333,7.086666667,2.243333333,50.61,57.56,256.9366667,366.6066667,240.5066667,205.5733333,416.4366667,1.01,0.006666667,1607.57
Jharkhand,2013,0.461538462,16.57692308,1.216666667,19.63333333,101.5538462,178.7826087,205.6782609,298.7695652,174.8608696,271.0391304,0,0,1268.572742
Dadra and Nagar Haveli,2013,,,,,,335.7,1280.1,577.9,680.5,102.7,0,,2976.9
Assam,2013,1.292592593,9.588461538,46.63333333,117.7,344.6037037,270.5230769,384.6076923,298.7666667,236.0407407,125.637037,0.922222222,2.340740741,1838.656268
Andhra Pradesh,2013,1.069230769,30.51538462,4.976923077,36,27.01538462,98.10769231,140.4769231,113.1769231,151.4,323.2,51.12307692,3.407692308,980.4692308
Jammu and Kashmir,2013,62.725,161.5,51.47,60.925,50.23,98.045,140.565,242.495,45.885,33.73,14.185,23.53,985.285
Bihar,2013,4.476666667,20.62903226,0.670967742,31.49375,87.13225806,179.1394737,179.5342105,209.2763158,142.7236842,193.6684211,0.494736842,0,1049.239517
Chhattisgarh,2013,3.147058824,19.55882353,4.388235294,43.51176471,3.970588235,261.1,430.0411765,344.1411765,142.4117647,186.9941176,0.217647059,0.058823529,1439.541176
Goa,2013,0,12.85,0,0.45,78.4,867.15,1598.55,522.8,380.45,184.15,7.25,0,3652.05
Tamil Nadu,2013,4.816129032,29.36774194,30.76774194,19.02580645,42.59677419,57.47741935,49.73225806,121.2903226,122.1548387,130.2193548,122.2451613,58.48064516,788.1741935
Nagaland,2013,0.2,8.58,50.84,102.36,224.7,157.88,247.34,206.38,167.58,115.58,0,1.58,1283.02
Chandigarh,2013,41.1,85.8,23.3,0.9,14.8,251.5,182.7,276.1,82.5,27.2,9.5,10.7,1006.1
West Bengal,2013,2.815789474,11.18421053,6.289473684,57.35263158,185.9842105,277.8052632,307.8526316,406.6789474,245.2473684,310.5789474,0.689473684,0.089473684,1812.568421
Manipur,2013,0,3.633333333,22,49.45,163.7,147.225,229.78,279.025,155.22,86.475,0,0.628571429,1137.136905
Arunachal Pradesh,2013,12.80769231,29.675,111.5923077,191.7384615,341.0692308,335.0923077,430.3833333,287.2357143,307.3,153.5307692,11.70769231,12.49230769,2224.624817
Sikkim,2013,7.875,50.175,112.075,203.025,498.5,312.7,513.875,346.975,297.65,199.55,52.175,9.35,2603.925
Meghalaya,2013,0.042857143,11.14285714,17.47142857,111.4428571,392.5857143,414.95,358.3,334.7714286,260.6333333,158.6666667,1.428571429,1.3,2062.735714
Haryana,2013,23.95714286,56.6,5.233333333,3.080952381,1.757142857,67.22380952,100.6095238,173.7095238,43.8,11.76666667,1.623809524,2.661904762,492.0238095
Mizoram,2013,,,,,,,,,,,,,
Kerala,2013,5.028571429,43.89285714,52.05714286,49.12142857,124.7785714,1047.292857,810.0571429,353.5714286,305.6785714,256.5928571,155.9857143,17.77142857,3221.828571
Odisha,2014,0.006557377,18.46229508,25.84918033,10.63442623,116.1983607,87.1557377,496.3,380.0163934,291.9459016,114.5885246,1.940983607,0.824590164,1543.922951
Madhya Pradesh,2014,28.098,40.302,10.626,2.9,1.856,52.538,308.73,221.796,174.926,30.208,1.95,14.98,888.91
Maharashtra,2014,1.748484848,12.3,41.09411765,6.411764706,13.58529412,74.02352941,430.0411765,265.0205882,183.7294118,35.02647059,16.41470588,6.529411765,1085.924955
Himachal Pradesh,2014,67.16666667,115.95,115.15,55.975,64,66.43333333,268.2083333,206.3833333,103.65,22.34166667,2.45,62.16666667,1149.875
Rajasthan,2014,22.58484848,8.06969697,6.366666667,6.845454545,12.16666667,22.44848485,166.8606061,205.2121212,127.0121212,2.06969697,0.121212121,0.787878788,580.5454545
Uttarakhand,2014,53.61666667,95.10833333,63.23333333,30.25833333,47.10833333,61.575,484.5833333,258.275,102.6083333,44.25833333,0,48.74166667,1289.366667
Andaman and Nicobar Islands,2014,60.36666667,11.6,0,14.36666667,260.6333333,394.9333333,429.9666667,304.9666667,402.2,383.7666667,210.1,122.1666667,2595.066667
Tripura,2014,0,9.3,22.775,79.675,383.725,445.075,277.7,372.025,364.3,58.85,1.925,0.025,2015.375
Gujarat,2014,4.711538462,0.142307692,0.361538462,1.069230769,1.469230769,21.42692308,328.7538462,177.8153846,228.15,7.184615385,2.4,0,773.4846154
Uttar Pradesh,2014,46.29285714,25.94366197,18.71408451,3.064285714,12.08571429,36.82957746,188.843662,112.4943662,94.88028169,50.99295775,0,10.82714286,600.9685915
Punjab,2014,24.37368421,21.79473684,30.06842105,25.07368421,21.77894737,21.20526316,87.39473684,41.41578947,106.4210526,5.826315789,0.573684211,15.42631579,401.3526316
Daman and Diu,2014,1.8,2,0,0,0,146.9,788.8,440.9,269.75,1,4.6,0,1655.75
Lakshadweep,2014,53.2,16.1,4.4,14.9,57.4,244.1,116.1,466.1,132.2,169.2,59,62.3,1395
Telangana,2014,0.089473684,2,54.82105263,9.994736842,66.45789474,55.57368421,141.1894737,174.1473684,115.3894737,35.56842105,16.42105263,1.347368421,673
Delhi,2014,13.27777778,40.11111111,28.34444444,7.988888889,33.12222222,28.91111111,112.5444444,85.65555556,74.87777778,0.788888889,0,14.81111111,440.4333333
Puducherry,2014,3.7,14.25,0,0,154.9,94.1,78.4,69.45,131.6,406.35,286.9,93.85,1333.5
Karnataka,2014,0.236666667,3.303333333,20.04666667,36.07,119.3366667,125.2633333,296.0233333,316.19,158.5166667,137.0766667,23.62333333,17.11666667,1252.803333
Kerala,2014,5.128571429,10.99285714,19.25714286,103.35,254.8714286,452.3571429,653.8357143,732.6285714,295.45,351.7714286,99.22857143,49.35714286,3028.228571
Meghalaya,2014,0.228571429,24.34285714,33.22857143,54.67142857,396.2166667,663.0833333,518.1,871.1333333,802.0833333,46.51428571,3.171428571,0.6,3413.37381
Haryana,2014,16.0952381,19.48571429,28.93809524,8.271428571,19.32857143,25.18571429,80.2047619,40.43333333,71.84761905,11.42380952,0.138095238,12.5,333.852381
Mizoram,2014,0,30.14285714,18.6,23.2,111.625,334.85,337.8333333,482.4333333,532.55,139.2666667,9.266666667,0,2019.767857
Manipur,2014,0,15.6125,34.72857143,41.94285714,198.6571429,214.6166667,206.125,272.05,243.625,45.06,0,0,1272.417738
Arunachal Pradesh,2014,17.07333333,86.86428571,75.63076923,86.67142857,367.0846154,407.7416667,386.9692308,628.8230769,354.3846154,33.42307692,18.96666667,8.608333333,2472.241099
Sikkim,2014,0,16.575,108.875,136.325,369.8,579.8,473.4,555.225,244.25,39.15,14.7,8.275,2546.375
West Bengal,2014,0.563157895,37.83684211,14.58421053,5.926315789,148.8052632,268.4315789,310.9052632,348.7052632,265.0263158,43.6,0.478947368,0.4,1445.263158
Tamil Nadu,2014,6.8,6.641935484,6.674193548,8.348387097,142.8129032,47.81290323,54.22258065,126.6483871,94.83870968,253.8806452,120.0967742,73.4483871,942.2258065
Nagaland,2014,6.672727273,24.70769231,25.29090909,51.03076923,108.4666667,142,267.88,374.7,206.3,60.94,0,0.6,1268.588765
Chandigarh,2014,59.6,41.7,71.7,19.9,57.1,43.7,159.8,41.2,109.8,12.4,0.1,90,707
Andhra Pradesh,2014,0.5,0.976923077,10.06923077,7.446153846,85.2,47.29230769,127.9230769,144.8923077,121.4230769,148.5692308,36.74615385,13.15384615,744.1923077
Jammu and Kashmir,2014,97.265,71.195,183.49,88.1,62.15,25.51,76.92631579,124.3105263,331.3210526,28.64736842,17.38,1.505,1107.800263
Bihar,2014,16.73421053,31.22368421,7.797368421,0.626315789,107.9526316,116.9736842,269.5289474,303.6342105,157.5236842,44.86842105,0,1.125,1057.988158
Chhattisgarh,2014,1.216666667,27.91111111,21.12222222,17.26666667,21.01764706,104.5777778,439.6388889,334.2277778,254.7444444,83.02222222,2.494444444,0.85,1308.089869
Goa,2014,0,0,0,2.35,115.7,482.15,1190.3,1059.4,333.8,272.1,7.55,26.1,3489.45
Dadra and Nagar Haveli,2014,,,,,,73.2,1403.8,539.3,394.1,1.6,,,2412
Jharkhand,2014,9.030434783,44.84090909,21.00416667,3.0875,108.5041667,132.1041667,325.8041667,273.7208333,180.1583333,43.16666667,0,0.920833333,1142.342177
Assam,2014,2.159259259,29.9,26.23333333,55.58148148,373.6037037,428.9777778,347.1666667,442.4925926,361.762963,34.05185185,3.637037037,0.459259259,2106.025926
Odisha,2015,16.60666667,9.043333333,67.24333333,3.64,30.37666667,225.5966667,301.8166667,266.16,224.3333333,27.05,6.453333333,15.32666667,1193.646667
Madhya Pradesh,2015,37.546,60.418,17.702,7.872,3.752,144.844,364.916,264.946,59.646,22.404,0.692,1.012,985.75
Maharashtra,2015,11.6125,46.284375,22.9,2.275,15.409375,285.9058824,152.8852941,189.7911765,168.8176471,31.94117647,7.847058824,0.147058824,935.8165441
Himachal Pradesh,2015,68.25,193.825,76.25,127.925,36.7,97.01666667,322.0083333,267.275,71.78333333,18.6,11.35833333,26.1,1317.091667
Rajasthan,2015,9.542424242,48.88484848,18.20606061,0.418181818,6.536363636,87.50909091,282.4212121,123.6333333,24.03030303,4.26969697,0.863636364,0.803030303,607.1181818
Uttarakhand,2015,51.55833333,126.275,55.275,49.15833333,33.35833333,197.4083333,342.75,318.725,53.34166667,17.725,2.266666667,5.441666667,1253.283333
Andaman and Nicobar Islands,2015,125.5666667,3.066666667,142.1666667,9.333333333,308.1333333,350.3333333,310.9,428.8333333,518.4333333,249.3666667,261.5666667,137,2844.7
Tripura,2015,1.9,14.05,329.925,18.75,355.05,304.7,545.65,376.375,297.3,96.275,3.45,13.125,2356.55
Gujarat,2015,1.903846154,7.623076923,6.269230769,0,0.984615385,164.6115385,315.5153846,35.66923077,127.1961538,4.365384615,0.592307692,0.003846154,664.7346154
Uttar Pradesh,2015,30.45571429,55.59142857,22.96714286,5.184285714,8.552857143,84.02676056,176.9239437,157.1633803,22.74366197,9.412676056,1.011428571,4.295714286,578.328994
Daman and Diu,2015,0.6,5.5,0,0,0,354.6,52.6,8,215.8,0,0,0,637.1
Punjab,2015,19.67,76.35,30.875,32.255,18.195,53.03,146.965,92,68.235,8.47,0.665,0.875,547.585
Lakshadweep,2015,2.2,3.7,87.1,0.5,133.1,296.7,257.5,146.7,157.5,165.4,230.7,159,1640.1
Delhi,2015,17.98888889,88.05555556,26.22222222,1.033333333,10.88888889,66.03333333,234.1444444,215.1333333,25.98888889,0.2,1.222222222,0,686.9111111
Telangana,2015,11.11,30.8,58.76,0,20.37,197.45,72.43,141.66,147.04,27.29,1.77,1.03,709.71
Puducherry,2015,,,,,,,,,,,,,
Karnataka,2015,2.592592593,27.27777778,72.18518519,0.244444444,104.0444444,181.662963,107.9407407,130.1185185,162.2777778,94.85925926,100.3777778,4.522222222,988.1037037
Kerala,2015,3.435714286,52.84285714,213.8428571,5.578571429,202.7357143,561.6785714,404.8928571,250.3642857,291.7714286,323.4071429,218.9928571,79.93571429,2609.478571
Meghalaya,2015,19.9,59.86666667,317.1,20.71428571,421.2,912.4142857,437.0571429,970.9714286,553.1333333,80.56666667,10.45,3.428571429,3806.802381
Haryana,2015,13.93809524,78.69047619,35.12857143,7.595238095,9.057142857,44.79047619,149.1333333,91.49047619,38.1047619,3.89047619,2.614285714,0.328571429,474.7619048
Mizoram,2015,10.5,27.125,231.6,5.833333333,160.7,363.06,365.925,470.7,506.5333333,154.3,3.9,5.55,2305.726667
Manipur,2015,19.9,10.4,267.775,4.64,93.875,233.075,326.55,270.825,138.475,69.96666667,4.133333333,5.7,1445.315
Arunachal Pradesh,2015,27.95,88.65833333,303,44.91428571,248.1333333,567.8076923,317.8538462,582.6333333,343.475,57.61666667,29.64166667,36.03571429,2647.719872
Sikkim,2015,,,,,,,,,,,,,
West Bengal,2015,13.31578947,27.58421053,95.37894737,7.573684211,119.9736842,293.5684211,525.2157895,356.1157895,217.0789474,34.41052632,5.494444444,3.7,1699.410234
Tamil Nadu,2015,,,,,,,,,,,,,
Nagaland,2015,30.43333333,30.08,176.52,24.43333333,98.52,149.2833333,233.12,245.5166667,136.9,93.1,6.757142857,16.88333333,1241.547143
Chandigarh,2015,45.2,119.9,21.6,46.7,17.4,63.9,257.9,109.2,117.3,17.7,0.2,0.3,817.3
Andhra Pradesh,2015,1.976923077,6.8,44.40769231,0.530769231,33.57692308,176.5076923,82.26923077,162.6307692,167.4538462,73.03076923,202.1230769,23.77692308,975.0846154
Jammu and Kashmir,2015,22.87222222,323.1,158.5705882,160.3444444,57.95294118,111.5705882,216.8117647,121.9529412,119.2823529,75.24117647,33.21764706,35.4,1436.316667
Bihar,2015,11.81315789,27.42972973,37.61891892,1.860526316,37.81891892,125.5210526,227.3552632,296.4763158,106.5789474,6.897368421,0.039473684,0,879.4096728
Chhattisgarh,2015,17.45,19.43888889,30.92222222,0.911111111,12.78333333,276.4,247.5333333,287.4388889,215.4888889,16.48333333,0.461111111,1.183333333,1126.494444
Goa,2015,3.45,43.9,8.8,0,50.7,786.15,790.95,484.35,290.45,110.7,17.5,0,2586.95
Dadra and Nagar Haveli,2015,,,,,,,,,,,,,
Jharkhand,2015,13.05416667,23.34166667,54.87083333,3.35,29,183.9291667,443.1791667,253.1625,87.42083333,19.325,0.4,3.2375,1114.270833
Assam,2015,10.08888889,34.10769231,246.7692308,15.1037037,353.6153846,558.7,303.7115385,537.1423077,239.1461538,59.58846154,14.2,20.20769231,2392.381054
Kerala,2016,3.2,18.65,25.1,34.68571429,264.4214286,602.7428571,437.6571429,229.5428571,82.45714286,103.9642857,61.13571429,21.88571429,1885.442857
Puducherry,2016,0.7,0.05,0.5,0,133.1,44.35,21,142.4,108.9,40.75,73.25,89.9,654.9
Karnataka,2016,2.335714286,0.371428571,4.757142857,10.06785714,83.16071429,185.2964286,205.2964286,91.71428571,103.4607143,27.36428571,7.253571429,23.02142857,744.1
Delhi,2016,0,0.777777778,16.81111111,0.066666667,17.76666667,46.525,286.1666667,114.5444444,52.12222222,7.5125,0,0,542.2930556
Telangana,2016,1.14,0.2,10.19,4.98,62.06,179.99,233.6,131.47,364.79,70.98,0.78,0.61,1060.79
Lakshadweep,2016,59.6,12.1,3.2,2.6,77.4,321.1,262.6,86.2,75.6,58.6,32,74.7,1065.7
Uttar Pradesh,2016,3.666197183,1.449295775,10.24647887,0.170422535,31.89295775,70.70694444,326.1208333,195.7097222,107.9791667,18.18888889,0,0,766.1309077
Daman and Diu,2016,0,0,0.4,0,0,136.7,328.7,240,170.5,19.7,0,0,896
Gujarat,2016,0,0,0.460606061,0,0.712121212,38.20909091,246.0606061,300.8333333,111.4393939,72.04848485,0.015151515,0,769.7787879
Punjab,2016,6.385,5.805,37.135,0.98,26.16,56.415,154.69,158.855,20.91,2.29,0.39,1.915,471.93
Andaman and Nicobar Islands,2016,85.13333333,23.13333333,4.9,2.833333333,184.4,441,277.5,225.2666667,598.4666667,287.7333333,182.9666667,557.6333333,2870.966667
Tripura,2016,2.675,62.325,118.225,216.15,489.925,256.425,327.1,361.475,259.375,127.675,163.4,1.85,2386.6
Uttarakhand,2016,3.738461538,24.50769231,40.64615385,9.069230769,97.42307692,169.1076923,524.0769231,294.7692308,110.5615385,10.46153846,0,2.630769231,1286.992308
Rajasthan,2016,0.454545455,0.848484848,5.036363636,0.090909091,8.096969697,52.92727273,258.6878788,338.3333333,34.86666667,28.74545455,0.027272727,0,728.1151515
Madhya Pradesh,2016,11.22745098,0.81372549,8.335294118,0.037254902,14.21960784,104.9980392,457.2941176,428.1294118,118.0803922,36.68627451,0,0,1179.821569
Maharashtra,2016,0.157142857,2.626470588,11.44,2.525714286,7.55,244.075,526.7083333,281.0305556,301.6222222,79.31388889,0.525714286,0.258064516,1457.833107
Odisha,2016,2.35,15.45666667,14.36333333,7.516666667,81.37,157.5633333,274.4,325.6033333,272.8366667,92.36666667,16.51666667,0.363333333,1260.706667
Himachal Pradesh,2016,15.8,38.675,107.0583333,37.525,79.38333333,127.5,236.05,308.5083333,67.23333333,6.683333333,0,2.466666667,1026.883333
Assam,2016,18.48461538,20.656,72.67692308,374.4615385,371.168,369.2653846,465.2884615,173.8,291.5307692,113.0576923,31.88846154,6.465384615,2308.743231
Dadra and Nagar Haveli,2016,,,,,,170.9,1126.4,1075.1,360,85.7,,,2818.1
Jharkhand,2016,11.80833333,6.55,15.50833333,1.695833333,68.4875,128.7458333,301,384.9,288.9666667,44.375,0,0,1252.0375
Bihar,2016,8.142105263,0.497368421,4.471052632,3.536842105,78.87631579,122.4684211,342.0921053,145.5368421,358.5789474,60.02368421,0,0,1124.223684
Chhattisgarh,2016,7.007692308,3.111538462,23.71153846,4.192307692,20.00769231,168.6692308,350.2076923,328.3461538,306.4615385,79.61923077,0,0,1291.334615
Andhra Pradesh,2016,3.492307692,0.792307692,2.861538462,2.792307692,114.2307692,181.9538462,139.9846154,103.0461538,196.7692308,51.27692308,11.04615385,37.22307692,845.4692308
Goa,2016,0,0,0,0.05,8.8,1207.55,969.5,488,298.75,87.75,9.15,0.9,3070.45
Nagaland,2016,19.65714286,9.528571429,22.92,62.3,125.15,239.04,305.675,262.92,209.55,66.08333333,66.28333333,4.05,1393.157381
Chandigarh,2016,0,1.3,57.9,15.8,59.5,133.6,131.1,150.5,41.7,0.1,0.1,22.8,614.4
Jammu and Kashmir,2016,29.18235294,39.98823529,172.7764706,73.09411765,52.22352941,56.56470588,181.7647059,165.4058824,42.4,2.705882353,0.011764706,4.505882353,820.6235294
Tamil Nadu,2016,1.878125,1.0125,2.88125,5.90625,114.659375,66.596875,84.309375,57.26875,57.784375,63.825,38.796875,71.4125,566.33125
West Bengal,2016,7.831578947,30.89473684,22.13157895,19.12105263,124.9421053,267.73,444.025,327.015,292.7,98.35,16.125,0.07,1650.936053
Sikkim,2016,30.85,12.225,133.15,140.5,297.925,431.25,546.775,216.675,482.825,119.025,0.025,0.55,2411.775
Manipur,2016,3.55,45.4,42.22,225.12,309.22,398.2,394.95,230.75,327.6333333,131.475,56.1,0.725,2165.343333
Arunachal Pradesh,2016,27.36153846,69.66153846,135.8615385,426.6769231,294.525,370.0230769,658.1461538,166.8666667,511.125,158.6071429,12.14615385,5.278571429,2836.279304
Haryana,2016,0.014285714,0.947619048,21.75238095,0.895238095,30.00952381,39.9952381,166.1571429,145.8952381,16.84285714,5.085714286,0,1.685714286,429.2809524
Meghalaya,2016,13.67142857,2.233333333,46.2,282.9714286,339.1333333,573.96,1034.7,189.62,291.84,236.5714286,30.25714286,12.44,3053.598095
Mizoram,2016,2.85,31.575,38.475,108.1333333,263.5,372.55,410.625,351.925,408.125,157.35,63.725,0,2208.833333
Puducherry,2017,143,0,97.15,0,10.45,56.3,78.9,128,92.45,255,555.6,219.2,1636.05
Karnataka,2017,3.603571429,0,15.32857143,26.65,113.1285714,134.9107143,121.1285714,178.3678571,248.5428571,175.9428571,12.575,6.014285714,1036.192857
Lakshadweep,2017,21.3,0.9,100.2,1.8,145.7,521.9,164.2,206.2,216,137.1,63.5,160.1,1738.9
Telangana,2017,0,0,7.68,4.5,22.7,197.71,143.73,209.17,115.81,129.93,1.49,0,832.72
Delhi,2017,33.55555556,0,8.128571429,18.8,20.1,113.125,126.05,130.9625,113.4625,0,0.1125,4.775,569.071627
Gujarat,2017,0.003030303,0.003030303,0,0.021212121,0.157575758,129.9787879,528.7666667,195.1212121,67.07878788,15.27272727,0,10.21818182,946.6212121
Uttar Pradesh,2017,14.18450704,0.371830986,5.558333333,1.636111111,20.30277778,63.59722222,258.1569444,163.5736111,106.5055556,2.216666667,0,0.741666667,636.8452269
Daman and Diu,2017,0,0,0,0,0,168.1,549,275,49.7,27.4,0,8.2,1077.4
Tripura,2017,0,19.85,208.2,437.95,259.15,640.525,408.45,509.45,351,364.325,2.575,99.175,3300.65
Andaman and Nicobar Islands,2017,286.3,7.6,38.66666667,113.9,286.2333333,331.3333333,361.1666667,392.7,363.9,259.9333333,217.2333333,277.7666667,2936.733333
Punjab,2017,48.16,2.817647059,14.905,12.6,13.875,115.765,101.325,133.355,75.745,0,5.5,18.235,542.2826471
Uttarakhand,2017,34.62307692,10.77692308,37.30769231,46.11538462,99.73846154,175.7923077,453.8923077,345.6615385,224.7692308,1.823076923,0.161538462,16.13846154,1446.8
Madhya Pradesh,2017,4.88627451,3.668627451,1.81372549,0.084313725,8.854901961,118.327451,319.5843137,177.1529412,143.5235294,13.04117647,0.345098039,1.521568627,792.8039216
Maharashtra,2017,0.116666667,0.013888889,2.769444444,0.252777778,14.05277778,281.575,367.6527778,312.2388889,230.6527778,97.425,2.025,11.23055556,1320.005556
Himachal Pradesh,2017,154.025,36.11666667,52.64166667,74.33333333,66.90833333,142.7333333,252.7666667,329.4166667,119.25,0.291666667,5.1,45.48333333,1279.066667
Rajasthan,2017,7.609090909,0.106060606,4.63030303,1.348484848,17.55151515,87.51818182,285.7969697,114.2484848,41.09090909,0,0.503030303,3.106060606,563.5090909
Odisha,2017,1.631034483,0,32.41034483,8.027586207,51.45862069,206.4172414,336.2034483,295.5448276,192.637931,166.3206897,34.40344828,6.724137931,1331.77931
Dadra and Nagar Haveli,2017,,,0,0,1.9,748.7,1295.6,700.4,306,121.9,,,3174.5
Jharkhand,2017,5.140909091,0.054545455,4.113636364,7.872727273,56.8375,117.7916667,501.8875,260.1083333,144.8166667,113.7166667,2.090909091,0.422727273,1214.853788
Assam,2017,1.2375,43.4,110.8583333,327.0625,275.4291667,435.1083333,417.7291667,461.7833333,369.0541667,212.5791667,10.59565217,13.988,2678.825319
Andhra Pradesh,2017,1.861538462,0,14.33846154,8.553846154,34.4,134.3461538,135.2307692,221.2615385,159.0076923,156.2846154,42.95384615,3.246153846,911.4846154
Jammu and Kashmir,2017,226.6176471,100.7529412,74.18888889,142.7055556,31.53888889,137.2894737,156.3684211,138.1421053,38.05263158,0.205263158,10.93157895,69.57894737,1126.372343
Bihar,2017,0.515789474,0,20.67105263,19.64736842,79.77368421,87.36842105,372.6342105,313.3289474,125.0026316,50.4,0.021052632,0.018421053,1069.381579
Chhattisgarh,2017,1.023076923,0.703846154,3.988461538,0.638461538,15.99230769,194.55,361.3653846,307.1653846,179.0192308,62.25769231,0.223076923,0,1126.926923
Goa,2017,0,0,0,0,54.15,811.25,835.95,511.75,412.65,150.05,0.55,8.15,2784.5
Tamil Nadu,2017,40.540625,1.1125,35.021875,14.615625,66.975,52.6375,44.89375,161.775,162.4875,157.209375,169.68125,102.3625,1009.3125
Nagaland,2017,1.583333333,0.76,94.85,165.85,152.7333333,269.9666667,305.0833333,268.8666667,223.46,164.8666667,9.95,31.75,1689.72
Chandigarh,2017,137,1.6,22,10.5,5.7,103.1,195.2,309.4,145.1,0,0,14.8,944.4
West Bengal,2017,1.21,0.275,45.415,53.61,132.585,234.305,466.57,436.285,225.38,193.9,15.85,10.005,1815.39
Manipur,2017,2.4,18.74,126.48,229.675,137.8333333,237.525,298.125,320.9,359.05,308.75,2.8,102.65,2144.928333
Arunachal Pradesh,2017,7.028571429,78.86428571,210.4285714,360.35,279.7428571,382.4714286,464.1307692,491.2538462,318.8153846,234.3833333,9.825,2.6,2839.894048
Sikkim,2017,7.466666667,12.06666667,134.7666667,199.225,240.65,346.225,525.85,492.875,443.075,114.925,7.85,0,2524.975
Meghalaya,2017,4.014285714,32.51428571,155.9166667,418.84,333.3666667,943.58,680.825,986.8,540.225,309.475,13.475,10,4429.031905
Haryana,2017,40.0952381,0.380952381,7.776190476,3.90952381,11.38571429,125.0761905,73.16190476,88.86190476,100.647619,0,1.028571429,4.838095238,457.1619048
Mizoram,2017,0.25,3.85,91.95,270.625,149.175,630.4,600.2666667,948.9666667,485.3333333,310.4,19.13333333,58.16666667,3568.516667
Kerala,2017,14.42142857,0.257142857,86.77857143,53.81428571,220.7642857,587.3857143,382.8642857,448.7642857,431,229.7428571,161.9142857,62.67142857,2680.378571
